ID,Labeled Data,Label,Created By,Project Name,Created At,Seconds to Label,External_ID,Agreement,Dataset Name,Reviews,View Label,Masks
cjp1xsx7dzqnd0d40ctsqfbs8,https://firebasestorage.googleapis.com/v0/b/labelbox-193903.appspot.com/o/cjp1xb42fzm320d40ilqhfhi8%2F0976ebd9-fdf1-4be8-9164-ded263e52cc9%2Fideal_frame16200.png?alt=media&token=3321e45f-ed90-4973-bc68-0bceefa3d250,"{""segmentationMaskURL"":""https://us-central1-labelbox-193903.cloudfunctions.net/superpixel-label-export/cjp1xbfjbzmg00d40hcqcskvt%2Fcjp1xsx7dzqnd0d40ctsqfbs8.lbx?alt=media&token=a39dde3e-012f-4a55-b773-7f746c19c950&format=png&visible=true"",""segmentationMasksByName"":{""Background"":""https://us-central1-labelbox-193903.cloudfunctions.net/superpixel-label-export/cjp1xbfjbzmg00d40hcqcskvt%2Fcjp1xsx7dzqnd0d40ctsqfbs8.lbx?alt=media&token=a39dde3e-012f-4a55-b773-7f746c19c950&format=png&visible=true&color=[255,255,255,255]"",""Meat"":""https://us-central1-labelbox-193903.cloudfunctions.net/superpixel-label-export/cjp1xbfjbzmg00d40hcqcskvt%2Fcjp1xsx7dzqnd0d40ctsqfbs8.lbx?alt=media&token=a39dde3e-012f-4a55-b773-7f746c19c950&format=png&visible=true&color=[0,0,128,255]"",""Raw"":""https://us-central1-labelbox-193903.cloudfunctions.net/superpixel-label-export/cjp1xbfjbzmg00d40hcqcskvt%2Fcjp1xsx7dzqnd0d40ctsqfbs8.lbx?alt=media&token=a39dde3e-012f-4a55-b773-7f746c19c950&format=png&visible=true&color=[0,128,0,255]""}}",Durden4th@gmail.com,meat,1.54346E+12,532.433,ideal_frame16200.png,,ideal,[],https://image-segmentation-v4.labelbox.com?project=cjp1xbfjbzmg00d40hcqcskvt&label=cjp1xsx7dzqnd0d40ctsqfbs8,
cjp1ye3owzw670d408rbnf618,https://firebasestorage.googleapis.com/v0/b/labelbox-193903.appspot.com/o/cjp1xb42fzm320d40ilqhfhi8%2F0976ebd9-fdf1-4be8-9164-ded263e52cc9%2Fideal_frame15300.png?alt=media&token=3cb74117-4410-4efe-a99e-f49aa606fbc9,"{""segmentationMaskURL"":""https://us-central1-labelbox-193903.cloudfunctions.net/superpixel-label-export/cjp1xbfjbzmg00d40hcqcskvt%2Fcjp1ye3owzw670d408rbnf618.lbx?alt=media&token=09e34f95-904a-4308-a669-3464fdef0290&format=png&visible=true"",""segmentationMasksByName"":{""Background"":""https://us-central1-labelbox-193903.cloudfunctions.net/superpixel-label-export/cjp1xbfjbzmg00d40hcqcskvt%2Fcjp1ye3owzw670d408rbnf618.lbx?alt=media&token=09e34f95-904a-4308-a669-3464fdef0290&format=png&visible=true&color=[255,255,255,255]"",""Meat"":""https://us-central1-labelbox-193903.cloudfunctions.net/superpixel-label-export/cjp1xbfjbzmg00d40hcqcskvt%2Fcjp1ye3owzw670d408rbnf618.lbx?alt=media&token=09e34f95-904a-4308-a669-3464fdef0290&format=png&visible=true&color=[0,0,128,255]"",""Raw"":""https://us-central1-labelbox-193903.cloudfunctions.net/superpixel-label-export/cjp1xbfjbzmg00d40hcqcskvt%2Fcjp1ye3owzw670d408rbnf618.lbx?alt=media&token=09e34f95-904a-4308-a669-3464fdef0290&format=png&visible=true&color=[0,128,0,255]""}}",Durden4th@gmail.com,meat,1.54346E+12,197.484,ideal_frame15300.png,0,ideal,[],https://image-segmentation-v4.labelbox.com?project=cjp1xbfjbzmg00d40hcqcskvt&label=cjp1ye3owzw670d408rbnf618,
cjp1ylu8ozyd50d40blybg84l,https://firebasestorage.googleapis.com/v0/b/labelbox-193903.appspot.com/o/cjp1xb42fzm320d40ilqhfhi8%2F0976ebd9-fdf1-4be8-9164-ded263e52cc9%2Fideal_frame14400.png?alt=media&token=99b7f803-24de-4609-889d-c799c36f256d,"{""segmentationMaskURL"":""https://us-central1-labelbox-193903.cloudfunctions.net/superpixel-label-export/cjp1xbfjbzmg00d40hcqcskvt%2Fcjp1xd18l4e6s02s6on0ol0ix.lbx?alt=media&token=440c1a87-3778-49e4-926e-c32b7618be52&format=png&visible=true"",""segmentationMasksByName"":{""Background"":""https://us-central1-labelbox-193903.cloudfunctions.net/superpixel-label-export/cjp1xbfjbzmg00d40hcqcskvt%2Fcjp1xd18l4e6s02s6on0ol0ix.lbx?alt=media&token=440c1a87-3778-49e4-926e-c32b7618be52&format=png&visible=true&color=[255,255,255,255]"",""Meat"":""https://us-central1-labelbox-193903.cloudfunctions.net/superpixel-label-export/cjp1xbfjbzmg00d40hcqcskvt%2Fcjp1xd18l4e6s02s6on0ol0ix.lbx?alt=media&token=440c1a87-3778-49e4-926e-c32b7618be52&format=png&visible=true&color=[0,0,128,255]"",""Raw"":""https://us-central1-labelbox-193903.cloudfunctions.net/superpixel-label-export/cjp1xbfjbzmg00d40hcqcskvt%2Fcjp1xd18l4e6s02s6on0ol0ix.lbx?alt=media&token=440c1a87-3778-49e4-926e-c32b7618be52&format=png&visible=true&color=[0,128,0,255]""}}",Durden4th@gmail.com,meat,1.54346E+12,360.794,ideal_frame14400.png,0,ideal,[],https://image-segmentation-v4.labelbox.com?project=cjp1xbfjbzmg00d40hcqcskvt&label=cjp1ylu8ozyd50d40blybg84l,
cjp2ryesg4shh0d40h2tpjrlo,https://firebasestorage.googleapis.com/v0/b/labelbox-193903.appspot.com/o/cjp1xb42fzm320d40ilqhfhi8%2F0976ebd9-fdf1-4be8-9164-ded263e52cc9%2Fideal_frame15300.png?alt=media&token=3cb74117-4410-4efe-a99e-f49aa606fbc9,"{""segmentationMaskURL"":""https://us-central1-labelbox-193903.cloudfunctions.net/superpixel-label-export/cjp1xbfjbzmg00d40hcqcskvt%2Fcjp1xd18m4e6w02s62nc6byrr.lbx?alt=media&token=c9bb2a0a-cfcf-4622-8a2a-0d98d1342eae&format=png&visible=true"",""segmentationMasksByName"":{""Background"":""https://us-central1-labelbox-193903.cloudfunctions.net/superpixel-label-export/cjp1xbfjbzmg00d40hcqcskvt%2Fcjp1xd18m4e6w02s62nc6byrr.lbx?alt=media&token=c9bb2a0a-cfcf-4622-8a2a-0d98d1342eae&format=png&visible=true&color=[255,255,255,255]"",""Meat"":""https://us-central1-labelbox-193903.cloudfunctions.net/superpixel-label-export/cjp1xbfjbzmg00d40hcqcskvt%2Fcjp1xd18m4e6w02s62nc6byrr.lbx?alt=media&token=c9bb2a0a-cfcf-4622-8a2a-0d98d1342eae&format=png&visible=true&color=[0,0,128,255]"",""Raw"":""https://us-central1-labelbox-193903.cloudfunctions.net/superpixel-label-export/cjp1xbfjbzmg00d40hcqcskvt%2Fcjp1xd18m4e6w02s62nc6byrr.lbx?alt=media&token=c9bb2a0a-cfcf-4622-8a2a-0d98d1342eae&format=png&visible=true&color=[0,128,0,255]""}}",Durden4th@gmail.com,meat,1.54351E+12,245.167,ideal_frame15300.png,0,ideal,[],https://image-segmentation-v4.labelbox.com?project=cjp1xbfjbzmg00d40hcqcskvt&label=cjp2ryesg4shh0d40h2tpjrlo,
cjp2s4q9d4v220d40w88xmuw6,https://firebasestorage.googleapis.com/v0/b/labelbox-193903.appspot.com/o/cjp1xb42fzm320d40ilqhfhi8%2F0976ebd9-fdf1-4be8-9164-ded263e52cc9%2Fideal_frame14400.png?alt=media&token=99b7f803-24de-4609-889d-c799c36f256d,"{""segmentationMaskURL"":""https://us-central1-labelbox-193903.cloudfunctions.net/superpixel-label-export/cjp1xbfjbzmg00d40hcqcskvt%2Fcjp1xd18l4e6s02s6on0ol0ix.lbx?alt=media&token=757d5c28-7283-4b33-bba8-c99300e81f65&format=png&visible=true"",""segmentationMasksByName"":{""Background"":""https://us-central1-labelbox-193903.cloudfunctions.net/superpixel-label-export/cjp1xbfjbzmg00d40hcqcskvt%2Fcjp1xd18l4e6s02s6on0ol0ix.lbx?alt=media&token=757d5c28-7283-4b33-bba8-c99300e81f65&format=png&visible=true&color=[255,255,255,255]"",""Meat"":""https://us-central1-labelbox-193903.cloudfunctions.net/superpixel-label-export/cjp1xbfjbzmg00d40hcqcskvt%2Fcjp1xd18l4e6s02s6on0ol0ix.lbx?alt=media&token=757d5c28-7283-4b33-bba8-c99300e81f65&format=png&visible=true&color=[0,0,128,255]"",""Raw"":""https://us-central1-labelbox-193903.cloudfunctions.net/superpixel-label-export/cjp1xbfjbzmg00d40hcqcskvt%2Fcjp1xd18l4e6s02s6on0ol0ix.lbx?alt=media&token=757d5c28-7283-4b33-bba8-c99300e81f65&format=png&visible=true&color=[0,128,0,255]""}}",Durden4th@gmail.com,meat,1.54351E+12,294.555,ideal_frame14400.png,0,ideal,[],https://image-segmentation-v4.labelbox.com?project=cjp1xbfjbzmg00d40hcqcskvt&label=cjp2s4q9d4v220d40w88xmuw6,
cjp2s8gg54vx10d409jui5h66,https://firebasestorage.googleapis.com/v0/b/labelbox-193903.appspot.com/o/cjp1xb42fzm320d40ilqhfhi8%2F0976ebd9-fdf1-4be8-9164-ded263e52cc9%2Fideal_frame13500.png?alt=media&token=00a13b28-1603-48c6-aacc-fff132f722f2,"{""segmentationMaskURL"":""https://us-central1-labelbox-193903.cloudfunctions.net/superpixel-label-export/cjp1xbfjbzmg00d40hcqcskvt%2Fcjp1xd18l4e6o02s6uyzk5rmy.lbx?alt=media&token=695cdb80-e273-42e4-af42-bbd975cee648&format=png&visible=true"",""segmentationMasksByName"":{""Background"":""https://us-central1-labelbox-193903.cloudfunctions.net/superpixel-label-export/cjp1xbfjbzmg00d40hcqcskvt%2Fcjp1xd18l4e6o02s6uyzk5rmy.lbx?alt=media&token=695cdb80-e273-42e4-af42-bbd975cee648&format=png&visible=true&color=[255,255,255,255]"",""Meat"":""https://us-central1-labelbox-193903.cloudfunctions.net/superpixel-label-export/cjp1xbfjbzmg00d40hcqcskvt%2Fcjp1xd18l4e6o02s6uyzk5rmy.lbx?alt=media&token=695cdb80-e273-42e4-af42-bbd975cee648&format=png&visible=true&color=[0,0,128,255]"",""Raw"":""https://us-central1-labelbox-193903.cloudfunctions.net/superpixel-label-export/cjp1xbfjbzmg00d40hcqcskvt%2Fcjp1xd18l4e6o02s6uyzk5rmy.lbx?alt=media&token=695cdb80-e273-42e4-af42-bbd975cee648&format=png&visible=true&color=[0,128,0,255]""}}",Durden4th@gmail.com,meat,1.54351E+12,173.709,ideal_frame13500.png,,ideal,[],https://image-segmentation-v4.labelbox.com?project=cjp1xbfjbzmg00d40hcqcskvt&label=cjp2s8gg54vx10d409jui5h66,
cjp2scnx34xgh0d40elqrjp19,https://firebasestorage.googleapis.com/v0/b/labelbox-193903.appspot.com/o/cjp1xb42fzm320d40ilqhfhi8%2F0976ebd9-fdf1-4be8-9164-ded263e52cc9%2Fideal_frame12600.png?alt=media&token=3ddc646c-8f5e-4969-b446-4edf26b6f48b,"{""segmentationMaskURL"":""https://us-central1-labelbox-193903.cloudfunctions.net/superpixel-label-export/cjp1xbfjbzmg00d40hcqcskvt%2Fcjp1xd18l4e6k02s6f9lr2i9y.lbx?alt=media&token=e44bd1e0-a61b-4c73-8666-15c4bc50e56a&format=png&visible=true"",""segmentationMasksByName"":{""Background"":""https://us-central1-labelbox-193903.cloudfunctions.net/superpixel-label-export/cjp1xbfjbzmg00d40hcqcskvt%2Fcjp1xd18l4e6k02s6f9lr2i9y.lbx?alt=media&token=e44bd1e0-a61b-4c73-8666-15c4bc50e56a&format=png&visible=true&color=[255,255,255,255]"",""Meat"":""https://us-central1-labelbox-193903.cloudfunctions.net/superpixel-label-export/cjp1xbfjbzmg00d40hcqcskvt%2Fcjp1xd18l4e6k02s6f9lr2i9y.lbx?alt=media&token=e44bd1e0-a61b-4c73-8666-15c4bc50e56a&format=png&visible=true&color=[0,0,128,255]"",""Raw"":""https://us-central1-labelbox-193903.cloudfunctions.net/superpixel-label-export/cjp1xbfjbzmg00d40hcqcskvt%2Fcjp1xd18l4e6k02s6f9lr2i9y.lbx?alt=media&token=e44bd1e0-a61b-4c73-8666-15c4bc50e56a&format=png&visible=true&color=[0,128,0,255]""}}",Durden4th@gmail.com,meat,1.54351E+12,196.416,ideal_frame12600.png,,ideal,[],https://image-segmentation-v4.labelbox.com?project=cjp1xbfjbzmg00d40hcqcskvt&label=cjp2scnx34xgh0d40elqrjp19,
cjp2sjjog508q0d40p25wuud6,https://firebasestorage.googleapis.com/v0/b/labelbox-193903.appspot.com/o/cjp1xb42fzm320d40ilqhfhi8%2F0976ebd9-fdf1-4be8-9164-ded263e52cc9%2Fideal_frame11700.png?alt=media&token=c9954edb-8ac0-4056-bbee-c9796e3021f1,"{""segmentationMaskURL"":""https://us-central1-labelbox-193903.cloudfunctions.net/superpixel-label-export/cjp1xbfjbzmg00d40hcqcskvt%2Fcjp1xd18l4e6g02s6teq95e5y.lbx?alt=media&token=4a9c5d43-883a-4546-9974-c9c08f7aa1de&format=png&visible=true"",""segmentationMasksByName"":{""Background"":""https://us-central1-labelbox-193903.cloudfunctions.net/superpixel-label-export/cjp1xbfjbzmg00d40hcqcskvt%2Fcjp1xd18l4e6g02s6teq95e5y.lbx?alt=media&token=4a9c5d43-883a-4546-9974-c9c08f7aa1de&format=png&visible=true&color=[255,255,255,255]"",""Meat"":""https://us-central1-labelbox-193903.cloudfunctions.net/superpixel-label-export/cjp1xbfjbzmg00d40hcqcskvt%2Fcjp1xd18l4e6g02s6teq95e5y.lbx?alt=media&token=4a9c5d43-883a-4546-9974-c9c08f7aa1de&format=png&visible=true&color=[0,0,128,255]"",""Raw"":""https://us-central1-labelbox-193903.cloudfunctions.net/superpixel-label-export/cjp1xbfjbzmg00d40hcqcskvt%2Fcjp1xd18l4e6g02s6teq95e5y.lbx?alt=media&token=4a9c5d43-883a-4546-9974-c9c08f7aa1de&format=png&visible=true&color=[0,128,0,255]""}}",Durden4th@gmail.com,meat,1.54351E+12,320.743,ideal_frame11700.png,,ideal,[],https://image-segmentation-v4.labelbox.com?project=cjp1xbfjbzmg00d40hcqcskvt&label=cjp2sjjog508q0d40p25wuud6,
cjp2suvwg55fg0d404nxoweq3,https://firebasestorage.googleapis.com/v0/b/labelbox-193903.appspot.com/o/cjp1xb42fzm320d40ilqhfhi8%2F0976ebd9-fdf1-4be8-9164-ded263e52cc9%2Fideal_frame10800.png?alt=media&token=d8a3b0ab-74a9-45b3-9c31-219edcdec9a6,"{""segmentationMaskURL"":""https://us-central1-labelbox-193903.cloudfunctions.net/superpixel-label-export/cjp1xbfjbzmg00d40hcqcskvt%2Fcjp1xd18l4e6c02s6d8sskqj6.lbx?alt=media&token=cceb87d3-35bd-4815-aec8-e85182abb070&format=png&visible=true"",""segmentationMasksByName"":{""Background"":""https://us-central1-labelbox-193903.cloudfunctions.net/superpixel-label-export/cjp1xbfjbzmg00d40hcqcskvt%2Fcjp1xd18l4e6c02s6d8sskqj6.lbx?alt=media&token=cceb87d3-35bd-4815-aec8-e85182abb070&format=png&visible=true&color=[255,255,255,255]"",""Meat"":""https://us-central1-labelbox-193903.cloudfunctions.net/superpixel-label-export/cjp1xbfjbzmg00d40hcqcskvt%2Fcjp1xd18l4e6c02s6d8sskqj6.lbx?alt=media&token=cceb87d3-35bd-4815-aec8-e85182abb070&format=png&visible=true&color=[0,0,128,255]"",""Raw"":""https://us-central1-labelbox-193903.cloudfunctions.net/superpixel-label-export/cjp1xbfjbzmg00d40hcqcskvt%2Fcjp1xd18l4e6c02s6d8sskqj6.lbx?alt=media&token=cceb87d3-35bd-4815-aec8-e85182abb070&format=png&visible=true&color=[0,128,0,255]""}}",Durden4th@gmail.com,meat,1.54351E+12,529.051,ideal_frame10800.png,,ideal,[],https://image-segmentation-v4.labelbox.com?project=cjp1xbfjbzmg00d40hcqcskvt&label=cjp2suvwg55fg0d404nxoweq3,
cjp2t02r557th0d40pejh66he,https://firebasestorage.googleapis.com/v0/b/labelbox-193903.appspot.com/o/cjp1xb42fzm320d40ilqhfhi8%2F0976ebd9-fdf1-4be8-9164-ded263e52cc9%2Fideal_frame9900.png?alt=media&token=1f66c2cf-66d8-4aa6-a85c-b27f198a54bd,"{""segmentationMaskURL"":""https://us-central1-labelbox-193903.cloudfunctions.net/superpixel-label-export/cjp1xbfjbzmg00d40hcqcskvt%2Fcjp1xd18l4e6802s6emgumlgi.lbx?alt=media&token=f27b3cd3-1274-42b8-8f0f-2a186f79c9f9&format=png&visible=true"",""segmentationMasksByName"":{""Background"":""https://us-central1-labelbox-193903.cloudfunctions.net/superpixel-label-export/cjp1xbfjbzmg00d40hcqcskvt%2Fcjp1xd18l4e6802s6emgumlgi.lbx?alt=media&token=f27b3cd3-1274-42b8-8f0f-2a186f79c9f9&format=png&visible=true&color=[255,255,255,255]"",""Meat"":""https://us-central1-labelbox-193903.cloudfunctions.net/superpixel-label-export/cjp1xbfjbzmg00d40hcqcskvt%2Fcjp1xd18l4e6802s6emgumlgi.lbx?alt=media&token=f27b3cd3-1274-42b8-8f0f-2a186f79c9f9&format=png&visible=true&color=[0,0,128,255]"",""Raw"":""https://us-central1-labelbox-193903.cloudfunctions.net/superpixel-label-export/cjp1xbfjbzmg00d40hcqcskvt%2Fcjp1xd18l4e6802s6emgumlgi.lbx?alt=media&token=f27b3cd3-1274-42b8-8f0f-2a186f79c9f9&format=png&visible=true&color=[0,128,0,255]""}}",Durden4th@gmail.com,meat,1.54351E+12,242.137,ideal_frame9900.png,,ideal,[],https://image-segmentation-v4.labelbox.com?project=cjp1xbfjbzmg00d40hcqcskvt&label=cjp2t02r557th0d40pejh66he,
cjp2t2foe58kb0d40ccjc4b93,https://firebasestorage.googleapis.com/v0/b/labelbox-193903.appspot.com/o/cjp1xb42fzm320d40ilqhfhi8%2F0976ebd9-fdf1-4be8-9164-ded263e52cc9%2Fideal_frame900.png?alt=media&token=c0521789-0c5a-4c7f-95fb-d7c83464b83f,"{""segmentationMaskURL"":""https://us-central1-labelbox-193903.cloudfunctions.net/superpixel-label-export/cjp1xbfjbzmg00d40hcqcskvt%2Fcjp1xd18l4e5402s6ki0mjrhb.lbx?alt=media&token=2df66b2b-fa53-4ef3-933e-9b2fdc6fbd9d&format=png&visible=true"",""segmentationMasksByName"":{""Background"":""https://us-central1-labelbox-193903.cloudfunctions.net/superpixel-label-export/cjp1xbfjbzmg00d40hcqcskvt%2Fcjp1xd18l4e5402s6ki0mjrhb.lbx?alt=media&token=2df66b2b-fa53-4ef3-933e-9b2fdc6fbd9d&format=png&visible=true&color=[255,255,255,255]"",""Meat"":""https://us-central1-labelbox-193903.cloudfunctions.net/superpixel-label-export/cjp1xbfjbzmg00d40hcqcskvt%2Fcjp1xd18l4e5402s6ki0mjrhb.lbx?alt=media&token=2df66b2b-fa53-4ef3-933e-9b2fdc6fbd9d&format=png&visible=true&color=[0,0,128,255]"",""Raw"":""https://us-central1-labelbox-193903.cloudfunctions.net/superpixel-label-export/cjp1xbfjbzmg00d40hcqcskvt%2Fcjp1xd18l4e5402s6ki0mjrhb.lbx?alt=media&token=2df66b2b-fa53-4ef3-933e-9b2fdc6fbd9d&format=png&visible=true&color=[0,128,0,255]""}}",Durden4th@gmail.com,meat,1.54351E+12,109.901,ideal_frame900.png,,ideal,[],https://image-segmentation-v4.labelbox.com?project=cjp1xbfjbzmg00d40hcqcskvt&label=cjp2t2foe58kb0d40ccjc4b93,
cjp2t7d4p5a2h0d40xzmvbk6s,https://firebasestorage.googleapis.com/v0/b/labelbox-193903.appspot.com/o/cjp1xb42fzm320d40ilqhfhi8%2F0976ebd9-fdf1-4be8-9164-ded263e52cc9%2Fideal_frame8100.png?alt=media&token=ba5f745f-b21a-4262-8286-71b75b629807,"{""segmentationMaskURL"":""https://us-central1-labelbox-193903.cloudfunctions.net/superpixel-label-export/cjp1xbfjbzmg00d40hcqcskvt%2Fcjp1xd18l4e6002s6kyisl7mb.lbx?alt=media&token=496992a1-330e-42db-a19d-e3bdc034d256&format=png&visible=true"",""segmentationMasksByName"":{""Background"":""https://us-central1-labelbox-193903.cloudfunctions.net/superpixel-label-export/cjp1xbfjbzmg00d40hcqcskvt%2Fcjp1xd18l4e6002s6kyisl7mb.lbx?alt=media&token=496992a1-330e-42db-a19d-e3bdc034d256&format=png&visible=true&color=[255,255,255,255]"",""Meat"":""https://us-central1-labelbox-193903.cloudfunctions.net/superpixel-label-export/cjp1xbfjbzmg00d40hcqcskvt%2Fcjp1xd18l4e6002s6kyisl7mb.lbx?alt=media&token=496992a1-330e-42db-a19d-e3bdc034d256&format=png&visible=true&color=[0,0,128,255]"",""Raw"":""https://us-central1-labelbox-193903.cloudfunctions.net/superpixel-label-export/cjp1xbfjbzmg00d40hcqcskvt%2Fcjp1xd18l4e6002s6kyisl7mb.lbx?alt=media&token=496992a1-330e-42db-a19d-e3bdc034d256&format=png&visible=true&color=[0,128,0,255]""}}",Durden4th@gmail.com,meat,1.54351E+12,229.753,ideal_frame8100.png,,ideal,[],https://image-segmentation-v4.labelbox.com?project=cjp1xbfjbzmg00d40hcqcskvt&label=cjp2t7d4p5a2h0d40xzmvbk6s,
cjp2tdfmj5c1z0d403ral7vra,https://firebasestorage.googleapis.com/v0/b/labelbox-193903.appspot.com/o/cjp1xb42fzm320d40ilqhfhi8%2F0976ebd9-fdf1-4be8-9164-ded263e52cc9%2Fideal_frame7200.png?alt=media&token=58287408-3c25-414d-be60-a7223b820ace,"{""segmentationMaskURL"":""https://us-central1-labelbox-193903.cloudfunctions.net/superpixel-label-export/cjp1xbfjbzmg00d40hcqcskvt%2Fcjp1xd18l4e5w02s6jivpb1av.lbx?alt=media&token=48b4e86a-ddf1-44a3-bf2a-92e7be6cff5c&format=png&visible=true"",""segmentationMasksByName"":{""Background"":""https://us-central1-labelbox-193903.cloudfunctions.net/superpixel-label-export/cjp1xbfjbzmg00d40hcqcskvt%2Fcjp1xd18l4e5w02s6jivpb1av.lbx?alt=media&token=48b4e86a-ddf1-44a3-bf2a-92e7be6cff5c&format=png&visible=true&color=[255,255,255,255]"",""Meat"":""https://us-central1-labelbox-193903.cloudfunctions.net/superpixel-label-export/cjp1xbfjbzmg00d40hcqcskvt%2Fcjp1xd18l4e5w02s6jivpb1av.lbx?alt=media&token=48b4e86a-ddf1-44a3-bf2a-92e7be6cff5c&format=png&visible=true&color=[0,0,128,255]"",""Raw"":""https://us-central1-labelbox-193903.cloudfunctions.net/superpixel-label-export/cjp1xbfjbzmg00d40hcqcskvt%2Fcjp1xd18l4e5w02s6jivpb1av.lbx?alt=media&token=48b4e86a-ddf1-44a3-bf2a-92e7be6cff5c&format=png&visible=true&color=[0,128,0,255]""}}",Durden4th@gmail.com,meat,1.54351E+12,282.994,ideal_frame7200.png,,ideal,[],https://image-segmentation-v4.labelbox.com?project=cjp1xbfjbzmg00d40hcqcskvt&label=cjp2tdfmj5c1z0d403ral7vra,
cjp2tjl715dk20d40rjpm85l1,https://firebasestorage.googleapis.com/v0/b/labelbox-193903.appspot.com/o/cjp1xb42fzm320d40ilqhfhi8%2F0976ebd9-fdf1-4be8-9164-ded263e52cc9%2Fideal_frame6300.png?alt=media&token=5b15c169-6a8c-43fa-bfa5-7ec983c16775,"{""segmentationMaskURL"":""https://us-central1-labelbox-193903.cloudfunctions.net/superpixel-label-export/cjp1xbfjbzmg00d40hcqcskvt%2Fcjp1xd18l4e5s02s6dzul6j22.lbx?alt=media&token=e49678da-3a68-4cd2-90dd-968166f1fed9&format=png&visible=true"",""segmentationMasksByName"":{""Background"":""https://us-central1-labelbox-193903.cloudfunctions.net/superpixel-label-export/cjp1xbfjbzmg00d40hcqcskvt%2Fcjp1xd18l4e5s02s6dzul6j22.lbx?alt=media&token=e49678da-3a68-4cd2-90dd-968166f1fed9&format=png&visible=true&color=[255,255,255,255]"",""Meat"":""https://us-central1-labelbox-193903.cloudfunctions.net/superpixel-label-export/cjp1xbfjbzmg00d40hcqcskvt%2Fcjp1xd18l4e5s02s6dzul6j22.lbx?alt=media&token=e49678da-3a68-4cd2-90dd-968166f1fed9&format=png&visible=true&color=[0,0,128,255]"",""Raw"":""https://us-central1-labelbox-193903.cloudfunctions.net/superpixel-label-export/cjp1xbfjbzmg00d40hcqcskvt%2Fcjp1xd18l4e5s02s6dzul6j22.lbx?alt=media&token=e49678da-3a68-4cd2-90dd-968166f1fed9&format=png&visible=true&color=[0,128,0,255]""}}",Durden4th@gmail.com,meat,1.54351E+12,287.074,ideal_frame6300.png,,ideal,[],https://image-segmentation-v4.labelbox.com?project=cjp1xbfjbzmg00d40hcqcskvt&label=cjp2tjl715dk20d40rjpm85l1,
cjp2tpsmu5fbh0d40uad870ei,https://firebasestorage.googleapis.com/v0/b/labelbox-193903.appspot.com/o/cjp1xb42fzm320d40ilqhfhi8%2F0976ebd9-fdf1-4be8-9164-ded263e52cc9%2Fideal_frame5400.png?alt=media&token=1a839679-ad7f-47a7-bef4-ac816b496f7a,"{""segmentationMaskURL"":""https://us-central1-labelbox-193903.cloudfunctions.net/superpixel-label-export/cjp1xbfjbzmg00d40hcqcskvt%2Fcjp1xd18l4e5o02s63bzkctao.lbx?alt=media&token=6626563b-a96f-4da0-8900-80c95f64ca0f&format=png&visible=true"",""segmentationMasksByName"":{""Background"":""https://us-central1-labelbox-193903.cloudfunctions.net/superpixel-label-export/cjp1xbfjbzmg00d40hcqcskvt%2Fcjp1xd18l4e5o02s63bzkctao.lbx?alt=media&token=6626563b-a96f-4da0-8900-80c95f64ca0f&format=png&visible=true&color=[255,255,255,255]"",""Meat"":""https://us-central1-labelbox-193903.cloudfunctions.net/superpixel-label-export/cjp1xbfjbzmg00d40hcqcskvt%2Fcjp1xd18l4e5o02s63bzkctao.lbx?alt=media&token=6626563b-a96f-4da0-8900-80c95f64ca0f&format=png&visible=true&color=[0,0,128,255]"",""Raw"":""https://us-central1-labelbox-193903.cloudfunctions.net/superpixel-label-export/cjp1xbfjbzmg00d40hcqcskvt%2Fcjp1xd18l4e5o02s63bzkctao.lbx?alt=media&token=6626563b-a96f-4da0-8900-80c95f64ca0f&format=png&visible=true&color=[0,128,0,255]""}}",Durden4th@gmail.com,meat,1.54351E+12,289.489,ideal_frame5400.png,,ideal,[],https://image-segmentation-v4.labelbox.com?project=cjp1xbfjbzmg00d40hcqcskvt&label=cjp2tpsmu5fbh0d40uad870ei,
cjp2ttnuu5gsn0d40ijfol8m1,https://firebasestorage.googleapis.com/v0/b/labelbox-193903.appspot.com/o/cjp1xb42fzm320d40ilqhfhi8%2F0976ebd9-fdf1-4be8-9164-ded263e52cc9%2Fideal_frame4500.png?alt=media&token=ac33bbaf-1750-41bf-a2f3-0a4821f44d80,"{""segmentationMaskURL"":""https://us-central1-labelbox-193903.cloudfunctions.net/superpixel-label-export/cjp1xbfjbzmg00d40hcqcskvt%2Fcjp1xd18l4e5k02s6nigbxca4.lbx?alt=media&token=35846f22-15f8-4ec8-9065-0caf1e1759df&format=png&visible=true"",""segmentationMasksByName"":{""Background"":""https://us-central1-labelbox-193903.cloudfunctions.net/superpixel-label-export/cjp1xbfjbzmg00d40hcqcskvt%2Fcjp1xd18l4e5k02s6nigbxca4.lbx?alt=media&token=35846f22-15f8-4ec8-9065-0caf1e1759df&format=png&visible=true&color=[255,255,255,255]"",""Meat"":""https://us-central1-labelbox-193903.cloudfunctions.net/superpixel-label-export/cjp1xbfjbzmg00d40hcqcskvt%2Fcjp1xd18l4e5k02s6nigbxca4.lbx?alt=media&token=35846f22-15f8-4ec8-9065-0caf1e1759df&format=png&visible=true&color=[0,0,128,255]"",""Raw"":""https://us-central1-labelbox-193903.cloudfunctions.net/superpixel-label-export/cjp1xbfjbzmg00d40hcqcskvt%2Fcjp1xd18l4e5k02s6nigbxca4.lbx?alt=media&token=35846f22-15f8-4ec8-9065-0caf1e1759df&format=png&visible=true&color=[0,128,0,255]""}}",Durden4th@gmail.com,meat,1.54351E+12,180.344,ideal_frame4500.png,,ideal,[],https://image-segmentation-v4.labelbox.com?project=cjp1xbfjbzmg00d40hcqcskvt&label=cjp2ttnuu5gsn0d40ijfol8m1,
cjp2txmwv5it70d40ino761v8,https://firebasestorage.googleapis.com/v0/b/labelbox-193903.appspot.com/o/cjp1xb42fzm320d40ilqhfhi8%2F0976ebd9-fdf1-4be8-9164-ded263e52cc9%2Fideal_frame3600.png?alt=media&token=78de0fc1-30b5-4c1d-89b1-54a66dc9706d,"{""segmentationMaskURL"":""https://us-central1-labelbox-193903.cloudfunctions.net/superpixel-label-export/cjp1xbfjbzmg00d40hcqcskvt%2Fcjp1xd18l4e5g02s69b4cnedd.lbx?alt=media&token=ebb16c73-3802-42a9-8746-8591cd8a0350&format=png&visible=true"",""segmentationMasksByName"":{""Background"":""https://us-central1-labelbox-193903.cloudfunctions.net/superpixel-label-export/cjp1xbfjbzmg00d40hcqcskvt%2Fcjp1xd18l4e5g02s69b4cnedd.lbx?alt=media&token=ebb16c73-3802-42a9-8746-8591cd8a0350&format=png&visible=true&color=[255,255,255,255]"",""Meat"":""https://us-central1-labelbox-193903.cloudfunctions.net/superpixel-label-export/cjp1xbfjbzmg00d40hcqcskvt%2Fcjp1xd18l4e5g02s69b4cnedd.lbx?alt=media&token=ebb16c73-3802-42a9-8746-8591cd8a0350&format=png&visible=true&color=[0,0,128,255]"",""Raw"":""https://us-central1-labelbox-193903.cloudfunctions.net/superpixel-label-export/cjp1xbfjbzmg00d40hcqcskvt%2Fcjp1xd18l4e5g02s69b4cnedd.lbx?alt=media&token=ebb16c73-3802-42a9-8746-8591cd8a0350&format=png&visible=true&color=[0,128,0,255]""}}",Durden4th@gmail.com,meat,1.54351E+12,185.176,ideal_frame3600.png,,ideal,[],https://image-segmentation-v4.labelbox.com?project=cjp1xbfjbzmg00d40hcqcskvt&label=cjp2txmwv5it70d40ino761v8,
cjp2u1p265l890d40mkvo9vrq,https://firebasestorage.googleapis.com/v0/b/labelbox-193903.appspot.com/o/cjp1xb42fzm320d40ilqhfhi8%2F0976ebd9-fdf1-4be8-9164-ded263e52cc9%2Fideal_frame2700.png?alt=media&token=9cb4acb4-c2af-4944-9c58-0b97eb83c831,"{""segmentationMaskURL"":""https://us-central1-labelbox-193903.cloudfunctions.net/superpixel-label-export/cjp1xbfjbzmg00d40hcqcskvt%2Fcjp1xd18l4e5c02s68z9gkvds.lbx?alt=media&token=fc1f8282-c52d-4fdf-ab50-a6d8e0631ce7&format=png&visible=true"",""segmentationMasksByName"":{""Background"":""https://us-central1-labelbox-193903.cloudfunctions.net/superpixel-label-export/cjp1xbfjbzmg00d40hcqcskvt%2Fcjp1xd18l4e5c02s68z9gkvds.lbx?alt=media&token=fc1f8282-c52d-4fdf-ab50-a6d8e0631ce7&format=png&visible=true&color=[255,255,255,255]"",""Meat"":""https://us-central1-labelbox-193903.cloudfunctions.net/superpixel-label-export/cjp1xbfjbzmg00d40hcqcskvt%2Fcjp1xd18l4e5c02s68z9gkvds.lbx?alt=media&token=fc1f8282-c52d-4fdf-ab50-a6d8e0631ce7&format=png&visible=true&color=[0,0,128,255]"",""Raw"":""https://us-central1-labelbox-193903.cloudfunctions.net/superpixel-label-export/cjp1xbfjbzmg00d40hcqcskvt%2Fcjp1xd18l4e5c02s68z9gkvds.lbx?alt=media&token=fc1f8282-c52d-4fdf-ab50-a6d8e0631ce7&format=png&visible=true&color=[0,128,0,255]""}}",Durden4th@gmail.com,meat,1.54351E+12,189.302,ideal_frame2700.png,,ideal,[],https://image-segmentation-v4.labelbox.com?project=cjp1xbfjbzmg00d40hcqcskvt&label=cjp2u1p265l890d40mkvo9vrq,
cjp2u3xgv5ncb0d40ktox4sno,https://firebasestorage.googleapis.com/v0/b/labelbox-193903.appspot.com/o/cjp1xb42fzm320d40ilqhfhi8%2F0976ebd9-fdf1-4be8-9164-ded263e52cc9%2Fideal_frame1800.png?alt=media&token=5974c920-84bc-41d8-901f-94ea73e948e9,"{""segmentationMaskURL"":""https://us-central1-labelbox-193903.cloudfunctions.net/superpixel-label-export/cjp1xbfjbzmg00d40hcqcskvt%2Fcjp1xd18l4e5802s6s41vllg4.lbx?alt=media&token=f5dc43e5-8a9a-4e0c-88eb-871dc83de302&format=png&visible=true"",""segmentationMasksByName"":{""Background"":""https://us-central1-labelbox-193903.cloudfunctions.net/superpixel-label-export/cjp1xbfjbzmg00d40hcqcskvt%2Fcjp1xd18l4e5802s6s41vllg4.lbx?alt=media&token=f5dc43e5-8a9a-4e0c-88eb-871dc83de302&format=png&visible=true&color=[255,255,255,255]"",""Meat"":""https://us-central1-labelbox-193903.cloudfunctions.net/superpixel-label-export/cjp1xbfjbzmg00d40hcqcskvt%2Fcjp1xd18l4e5802s6s41vllg4.lbx?alt=media&token=f5dc43e5-8a9a-4e0c-88eb-871dc83de302&format=png&visible=true&color=[0,0,128,255]"",""Raw"":""https://us-central1-labelbox-193903.cloudfunctions.net/superpixel-label-export/cjp1xbfjbzmg00d40hcqcskvt%2Fcjp1xd18l4e5802s6s41vllg4.lbx?alt=media&token=f5dc43e5-8a9a-4e0c-88eb-871dc83de302&format=png&visible=true&color=[0,128,0,255]""}}",Durden4th@gmail.com,meat,1.54351E+12,104.204,ideal_frame1800.png,,ideal,[],https://image-segmentation-v4.labelbox.com?project=cjp1xbfjbzmg00d40hcqcskvt&label=cjp2u3xgv5ncb0d40ktox4sno,
cjp2u6nl85pfu0d40lz7c40cm,https://firebasestorage.googleapis.com/v0/b/labelbox-193903.appspot.com/o/cjp1xb42fzm320d40ilqhfhi8%2F0976ebd9-fdf1-4be8-9164-ded263e52cc9%2Fideal_frame0.png?alt=media&token=c0f01de7-9f3b-42b5-919f-327310b57a8b,"{""segmentationMaskURL"":""https://us-central1-labelbox-193903.cloudfunctions.net/superpixel-label-export/cjp1xbfjbzmg00d40hcqcskvt%2Fcjp1xd18l4e5002s6zlrj437p.lbx?alt=media&token=044f8bba-a9f8-418b-94f9-7a6964f6cd0b&format=png&visible=true"",""segmentationMasksByName"":{""Background"":""https://us-central1-labelbox-193903.cloudfunctions.net/superpixel-label-export/cjp1xbfjbzmg00d40hcqcskvt%2Fcjp1xd18l4e5002s6zlrj437p.lbx?alt=media&token=044f8bba-a9f8-418b-94f9-7a6964f6cd0b&format=png&visible=true&color=[255,255,255,255]"",""Meat"":""https://us-central1-labelbox-193903.cloudfunctions.net/superpixel-label-export/cjp1xbfjbzmg00d40hcqcskvt%2Fcjp1xd18l4e5002s6zlrj437p.lbx?alt=media&token=044f8bba-a9f8-418b-94f9-7a6964f6cd0b&format=png&visible=true&color=[0,0,128,255]"",""Raw"":""https://us-central1-labelbox-193903.cloudfunctions.net/superpixel-label-export/cjp1xbfjbzmg00d40hcqcskvt%2Fcjp1xd18l4e5002s6zlrj437p.lbx?alt=media&token=044f8bba-a9f8-418b-94f9-7a6964f6cd0b&format=png&visible=true&color=[0,128,0,255]""}}",Durden4th@gmail.com,meat,1.54351E+12,126.976,ideal_frame0.png,,ideal,[],https://image-segmentation-v4.labelbox.com?project=cjp1xbfjbzmg00d40hcqcskvt&label=cjp2u6nl85pfu0d40lz7c40cm,
cjp2udym15suq0d40pkzartbm,https://firebasestorage.googleapis.com/v0/b/labelbox-193903.appspot.com/o/cjp1xb42fzm320d40ilqhfhi8%2F0976ebd9-fdf1-4be8-9164-ded263e52cc9%2Fideal_frame9000.png?alt=media&token=eb72533a-d2a7-40db-aa8d-4227822bc377,"{""segmentationMaskURL"":""https://us-central1-labelbox-193903.cloudfunctions.net/superpixel-label-export/cjp1xbfjbzmg00d40hcqcskvt%2Fcjp1xd18l4e6402s6zhjp4ld3.lbx?alt=media&token=06e5cbbd-eb5d-4d84-b330-cdaf3ff1fc3d&format=png&visible=true"",""segmentationMasksByName"":{""Background"":""https://us-central1-labelbox-193903.cloudfunctions.net/superpixel-label-export/cjp1xbfjbzmg00d40hcqcskvt%2Fcjp1xd18l4e6402s6zhjp4ld3.lbx?alt=media&token=06e5cbbd-eb5d-4d84-b330-cdaf3ff1fc3d&format=png&visible=true&color=[255,255,255,255]"",""Meat"":""https://us-central1-labelbox-193903.cloudfunctions.net/superpixel-label-export/cjp1xbfjbzmg00d40hcqcskvt%2Fcjp1xd18l4e6402s6zhjp4ld3.lbx?alt=media&token=06e5cbbd-eb5d-4d84-b330-cdaf3ff1fc3d&format=png&visible=true&color=[0,0,128,255]"",""Raw"":""https://us-central1-labelbox-193903.cloudfunctions.net/superpixel-label-export/cjp1xbfjbzmg00d40hcqcskvt%2Fcjp1xd18l4e6402s6zhjp4ld3.lbx?alt=media&token=06e5cbbd-eb5d-4d84-b330-cdaf3ff1fc3d&format=png&visible=true&color=[0,128,0,255]""}}",Durden4th@gmail.com,meat,1.54351E+12,340.663,ideal_frame9000.png,,ideal,[],https://image-segmentation-v4.labelbox.com?project=cjp1xbfjbzmg00d40hcqcskvt&label=cjp2udym15suq0d40pkzartbm,
cjp2ufuqx5tkg0d401qj0qsvf,https://firebasestorage.googleapis.com/v0/b/labelbox-193903.appspot.com/o/cjp1xb42fzm320d40ilqhfhi8%2F0976ebd9-fdf1-4be8-9164-ded263e52cc9%2Fideal_frame17100.png?alt=media&token=c3bf966d-cf66-4331-936e-fa3430d1672e,"{""segmentationMaskURL"":""https://us-central1-labelbox-193903.cloudfunctions.net/superpixel-label-export/cjp1xbfjbzmg00d40hcqcskvt%2Fcjp1xd18m4e7402s6yfyxrnp4.lbx?alt=media&token=485c8064-4b70-4672-a431-bd5cc33ee3e7&format=png&visible=true"",""segmentationMasksByName"":{""Background"":""https://us-central1-labelbox-193903.cloudfunctions.net/superpixel-label-export/cjp1xbfjbzmg00d40hcqcskvt%2Fcjp1xd18m4e7402s6yfyxrnp4.lbx?alt=media&token=485c8064-4b70-4672-a431-bd5cc33ee3e7&format=png&visible=true&color=[255,255,255,255]"",""Meat"":""https://us-central1-labelbox-193903.cloudfunctions.net/superpixel-label-export/cjp1xbfjbzmg00d40hcqcskvt%2Fcjp1xd18m4e7402s6yfyxrnp4.lbx?alt=media&token=485c8064-4b70-4672-a431-bd5cc33ee3e7&format=png&visible=true&color=[0,0,128,255]"",""Raw"":""https://us-central1-labelbox-193903.cloudfunctions.net/superpixel-label-export/cjp1xbfjbzmg00d40hcqcskvt%2Fcjp1xd18m4e7402s6yfyxrnp4.lbx?alt=media&token=485c8064-4b70-4672-a431-bd5cc33ee3e7&format=png&visible=true&color=[0,128,0,255]""}}",Durden4th@gmail.com,meat,1.54351E+12,88.093,ideal_frame17100.png,,ideal,[],https://image-segmentation-v4.labelbox.com?project=cjp1xbfjbzmg00d40hcqcskvt&label=cjp2ufuqx5tkg0d401qj0qsvf,
cjp2ukztu5w0m0d406znl6wu6,https://firebasestorage.googleapis.com/v0/b/labelbox-193903.appspot.com/o/cjp1xb42fzm320d40ilqhfhi8%2F74591b9d-f687-46a0-8b06-86a8cfebf907%2Fnonideal_frame14400.png?alt=media&token=529810d6-1ddc-4a5d-9be1-9bf67710fc8b,"{""segmentationMaskURL"":""https://us-central1-labelbox-193903.cloudfunctions.net/superpixel-label-export/cjp1xbfjbzmg00d40hcqcskvt%2Fcjp2rw6cf555402s6rri4vdit.lbx?alt=media&token=8a9fc200-e2c5-4589-83c8-e35289189cb3&format=png&visible=true"",""segmentationMasksByName"":{""Background"":""https://us-central1-labelbox-193903.cloudfunctions.net/superpixel-label-export/cjp1xbfjbzmg00d40hcqcskvt%2Fcjp2rw6cf555402s6rri4vdit.lbx?alt=media&token=8a9fc200-e2c5-4589-83c8-e35289189cb3&format=png&visible=true&color=[255,255,255,255]"",""Meat"":""https://us-central1-labelbox-193903.cloudfunctions.net/superpixel-label-export/cjp1xbfjbzmg00d40hcqcskvt%2Fcjp2rw6cf555402s6rri4vdit.lbx?alt=media&token=8a9fc200-e2c5-4589-83c8-e35289189cb3&format=png&visible=true&color=[0,0,128,255]"",""Raw"":""https://us-central1-labelbox-193903.cloudfunctions.net/superpixel-label-export/cjp1xbfjbzmg00d40hcqcskvt%2Fcjp2rw6cf555402s6rri4vdit.lbx?alt=media&token=8a9fc200-e2c5-4589-83c8-e35289189cb3&format=png&visible=true&color=[0,128,0,255]""}}",Durden4th@gmail.com,meat,1.54351E+12,239.912,nonideal_frame14400.png,,non_ideal,[],https://image-segmentation-v4.labelbox.com?project=cjp1xbfjbzmg00d40hcqcskvt&label=cjp2ukztu5w0m0d406znl6wu6,
cjp2unmzg5y1a0d404kk68py2,https://firebasestorage.googleapis.com/v0/b/labelbox-193903.appspot.com/o/cjp1xb42fzm320d40ilqhfhi8%2F74591b9d-f687-46a0-8b06-86a8cfebf907%2Fnonideal_frame13500.png?alt=media&token=68ccdcc4-36c9-4971-a825-669452e7ac89,"{""segmentationMaskURL"":""https://us-central1-labelbox-193903.cloudfunctions.net/superpixel-label-export/cjp1xbfjbzmg00d40hcqcskvt%2Fcjp2rw6cf555002s66qc9o956.lbx?alt=media&token=57bf37de-c041-43a5-83c9-b53d32ff7d8b&format=png&visible=true"",""segmentationMasksByName"":{""Background"":""https://us-central1-labelbox-193903.cloudfunctions.net/superpixel-label-export/cjp1xbfjbzmg00d40hcqcskvt%2Fcjp2rw6cf555002s66qc9o956.lbx?alt=media&token=57bf37de-c041-43a5-83c9-b53d32ff7d8b&format=png&visible=true&color=[255,255,255,255]"",""Meat"":""https://us-central1-labelbox-193903.cloudfunctions.net/superpixel-label-export/cjp1xbfjbzmg00d40hcqcskvt%2Fcjp2rw6cf555002s66qc9o956.lbx?alt=media&token=57bf37de-c041-43a5-83c9-b53d32ff7d8b&format=png&visible=true&color=[0,0,128,255]"",""Raw"":""https://us-central1-labelbox-193903.cloudfunctions.net/superpixel-label-export/cjp1xbfjbzmg00d40hcqcskvt%2Fcjp2rw6cf555002s66qc9o956.lbx?alt=media&token=57bf37de-c041-43a5-83c9-b53d32ff7d8b&format=png&visible=true&color=[0,128,0,255]""}}",Durden4th@gmail.com,meat,1.54351E+12,123.248,nonideal_frame13500.png,,non_ideal,[],https://image-segmentation-v4.labelbox.com?project=cjp1xbfjbzmg00d40hcqcskvt&label=cjp2unmzg5y1a0d404kk68py2,
cjp2uuyfq02aw0848iopzgex6,https://firebasestorage.googleapis.com/v0/b/labelbox-193903.appspot.com/o/cjp1xb42fzm320d40ilqhfhi8%2F74591b9d-f687-46a0-8b06-86a8cfebf907%2Fnonideal_frame12600.png?alt=media&token=16cdf9bb-2b03-42fa-b266-ee7f2e1bd665,"{""segmentationMaskURL"":""https://us-central1-labelbox-193903.cloudfunctions.net/superpixel-label-export/cjp1xbfjbzmg00d40hcqcskvt%2Fcjp2rw6cf554w02s6vhkupta4.lbx?alt=media&token=221e6bd2-7c6b-46de-9ea9-4a4eb58ed780&format=png&visible=true"",""segmentationMasksByName"":{""Background"":""https://us-central1-labelbox-193903.cloudfunctions.net/superpixel-label-export/cjp1xbfjbzmg00d40hcqcskvt%2Fcjp2rw6cf554w02s6vhkupta4.lbx?alt=media&token=221e6bd2-7c6b-46de-9ea9-4a4eb58ed780&format=png&visible=true&color=[255,255,255,255]"",""Meat"":""https://us-central1-labelbox-193903.cloudfunctions.net/superpixel-label-export/cjp1xbfjbzmg00d40hcqcskvt%2Fcjp2rw6cf554w02s6vhkupta4.lbx?alt=media&token=221e6bd2-7c6b-46de-9ea9-4a4eb58ed780&format=png&visible=true&color=[0,0,128,255]"",""Raw"":""https://us-central1-labelbox-193903.cloudfunctions.net/superpixel-label-export/cjp1xbfjbzmg00d40hcqcskvt%2Fcjp2rw6cf554w02s6vhkupta4.lbx?alt=media&token=221e6bd2-7c6b-46de-9ea9-4a4eb58ed780&format=png&visible=true&color=[0,128,0,255]""}}",Durden4th@gmail.com,meat,1.54351E+12,341.149,nonideal_frame12600.png,,non_ideal,[],https://image-segmentation-v4.labelbox.com?project=cjp1xbfjbzmg00d40hcqcskvt&label=cjp2uuyfq02aw0848iopzgex6,
cjp2v1uu804a20848tqjnb05l,https://firebasestorage.googleapis.com/v0/b/labelbox-193903.appspot.com/o/cjp1xb42fzm320d40ilqhfhi8%2F74591b9d-f687-46a0-8b06-86a8cfebf907%2Fnonideal_frame11700.png?alt=media&token=66263c4e-975c-4748-bc54-ac18d489af51,"{""segmentationMaskURL"":""https://us-central1-labelbox-193903.cloudfunctions.net/superpixel-label-export/cjp1xbfjbzmg00d40hcqcskvt%2Fcjp2rw6cf554s02s6fhmxrk62.lbx?alt=media&token=d9e20fa1-06cf-4be5-9ec5-58d1ac9fbfb5&format=png&visible=true"",""segmentationMasksByName"":{""Background"":""https://us-central1-labelbox-193903.cloudfunctions.net/superpixel-label-export/cjp1xbfjbzmg00d40hcqcskvt%2Fcjp2rw6cf554s02s6fhmxrk62.lbx?alt=media&token=d9e20fa1-06cf-4be5-9ec5-58d1ac9fbfb5&format=png&visible=true&color=[255,255,255,255]"",""Meat"":""https://us-central1-labelbox-193903.cloudfunctions.net/superpixel-label-export/cjp1xbfjbzmg00d40hcqcskvt%2Fcjp2rw6cf554s02s6fhmxrk62.lbx?alt=media&token=d9e20fa1-06cf-4be5-9ec5-58d1ac9fbfb5&format=png&visible=true&color=[0,0,128,255]"",""Raw"":""https://us-central1-labelbox-193903.cloudfunctions.net/superpixel-label-export/cjp1xbfjbzmg00d40hcqcskvt%2Fcjp2rw6cf554s02s6fhmxrk62.lbx?alt=media&token=d9e20fa1-06cf-4be5-9ec5-58d1ac9fbfb5&format=png&visible=true&color=[0,128,0,255]""}}",Durden4th@gmail.com,meat,1.54351E+12,321.571,nonideal_frame11700.png,,non_ideal,[],https://image-segmentation-v4.labelbox.com?project=cjp1xbfjbzmg00d40hcqcskvt&label=cjp2v1uu804a20848tqjnb05l,
cjp2w7sfg0duu0980brryzd69,https://firebasestorage.googleapis.com/v0/b/labelbox-193903.appspot.com/o/cjp1xb42fzm320d40ilqhfhi8%2F74591b9d-f687-46a0-8b06-86a8cfebf907%2Fnonideal_frame10800.png?alt=media&token=9524b385-fe51-4a2f-b1a3-d00165c4bbe4,"{""segmentationMaskURL"":""https://us-central1-labelbox-193903.cloudfunctions.net/superpixel-label-export/cjp1xbfjbzmg00d40hcqcskvt%2Fcjp2rw6cf554o02s645qo34pq.lbx?alt=media&token=796fdc9c-a3e5-4892-b72c-be3ee339c5dd&format=png&visible=true"",""segmentationMasksByName"":{""Background"":""https://us-central1-labelbox-193903.cloudfunctions.net/superpixel-label-export/cjp1xbfjbzmg00d40hcqcskvt%2Fcjp2rw6cf554o02s645qo34pq.lbx?alt=media&token=796fdc9c-a3e5-4892-b72c-be3ee339c5dd&format=png&visible=true&color=[255,255,255,255]"",""Meat"":""https://us-central1-labelbox-193903.cloudfunctions.net/superpixel-label-export/cjp1xbfjbzmg00d40hcqcskvt%2Fcjp2rw6cf554o02s645qo34pq.lbx?alt=media&token=796fdc9c-a3e5-4892-b72c-be3ee339c5dd&format=png&visible=true&color=[0,0,128,255]"",""Raw"":""https://us-central1-labelbox-193903.cloudfunctions.net/superpixel-label-export/cjp1xbfjbzmg00d40hcqcskvt%2Fcjp2rw6cf554o02s645qo34pq.lbx?alt=media&token=796fdc9c-a3e5-4892-b72c-be3ee339c5dd&format=png&visible=true&color=[0,128,0,255]""}}",Durden4th@gmail.com,meat,1.54351E+12,1956.631,nonideal_frame10800.png,,non_ideal,[],https://image-segmentation-v4.labelbox.com?project=cjp1xbfjbzmg00d40hcqcskvt&label=cjp2w7sfg0duu0980brryzd69,
cjp2wci480fzm0980qmztutzv,https://firebasestorage.googleapis.com/v0/b/labelbox-193903.appspot.com/o/cjp1xb42fzm320d40ilqhfhi8%2F74591b9d-f687-46a0-8b06-86a8cfebf907%2Fnonideal_frame9900.png?alt=media&token=ee492cac-cb79-49de-9930-1353256214c0,"{""segmentationMaskURL"":""https://us-central1-labelbox-193903.cloudfunctions.net/superpixel-label-export/cjp1xbfjbzmg00d40hcqcskvt%2Fcjp2rw6cf554k02s6a2y4gxd3.lbx?alt=media&token=dad6ae18-e171-44aa-a791-8ce7e82bbed7&format=png&visible=true"",""segmentationMasksByName"":{""Background"":""https://us-central1-labelbox-193903.cloudfunctions.net/superpixel-label-export/cjp1xbfjbzmg00d40hcqcskvt%2Fcjp2rw6cf554k02s6a2y4gxd3.lbx?alt=media&token=dad6ae18-e171-44aa-a791-8ce7e82bbed7&format=png&visible=true&color=[255,255,255,255]"",""Meat"":""https://us-central1-labelbox-193903.cloudfunctions.net/superpixel-label-export/cjp1xbfjbzmg00d40hcqcskvt%2Fcjp2rw6cf554k02s6a2y4gxd3.lbx?alt=media&token=dad6ae18-e171-44aa-a791-8ce7e82bbed7&format=png&visible=true&color=[0,0,128,255]"",""Raw"":""https://us-central1-labelbox-193903.cloudfunctions.net/superpixel-label-export/cjp1xbfjbzmg00d40hcqcskvt%2Fcjp2rw6cf554k02s6a2y4gxd3.lbx?alt=media&token=dad6ae18-e171-44aa-a791-8ce7e82bbed7&format=png&visible=true&color=[0,128,0,255]""}}",Durden4th@gmail.com,meat,1.54351E+12,219.809,nonideal_frame9900.png,,non_ideal,[],https://image-segmentation-v4.labelbox.com?project=cjp1xbfjbzmg00d40hcqcskvt&label=cjp2wci480fzm0980qmztutzv,
cjp2wft9k0hfs0980qkgjk3hw,https://firebasestorage.googleapis.com/v0/b/labelbox-193903.appspot.com/o/cjp1xb42fzm320d40ilqhfhi8%2F74591b9d-f687-46a0-8b06-86a8cfebf907%2Fnonideal_frame9000.png?alt=media&token=3d9ad43b-9803-4c0f-b701-294ddbdcfa56,"{""segmentationMaskURL"":""https://us-central1-labelbox-193903.cloudfunctions.net/superpixel-label-export/cjp1xbfjbzmg00d40hcqcskvt%2Fcjp2rw6cf554g02s6npjqbfec.lbx?alt=media&token=779faac6-67fb-4372-b9fc-5c840349e313&format=png&visible=true"",""segmentationMasksByName"":{""Background"":""https://us-central1-labelbox-193903.cloudfunctions.net/superpixel-label-export/cjp1xbfjbzmg00d40hcqcskvt%2Fcjp2rw6cf554g02s6npjqbfec.lbx?alt=media&token=779faac6-67fb-4372-b9fc-5c840349e313&format=png&visible=true&color=[255,255,255,255]"",""Meat"":""https://us-central1-labelbox-193903.cloudfunctions.net/superpixel-label-export/cjp1xbfjbzmg00d40hcqcskvt%2Fcjp2rw6cf554g02s6npjqbfec.lbx?alt=media&token=779faac6-67fb-4372-b9fc-5c840349e313&format=png&visible=true&color=[0,0,128,255]"",""Raw"":""https://us-central1-labelbox-193903.cloudfunctions.net/superpixel-label-export/cjp1xbfjbzmg00d40hcqcskvt%2Fcjp2rw6cf554g02s6npjqbfec.lbx?alt=media&token=779faac6-67fb-4372-b9fc-5c840349e313&format=png&visible=true&color=[0,128,0,255]""}}",Durden4th@gmail.com,meat,1.54351E+12,154.184,nonideal_frame9000.png,,non_ideal,[],https://image-segmentation-v4.labelbox.com?project=cjp1xbfjbzmg00d40hcqcskvt&label=cjp2wft9k0hfs0980qkgjk3hw,
cjp2wmb6d0jla08486c9a6xio,https://firebasestorage.googleapis.com/v0/b/labelbox-193903.appspot.com/o/cjp1xb42fzm320d40ilqhfhi8%2F74591b9d-f687-46a0-8b06-86a8cfebf907%2Fnonideal_frame8100.png?alt=media&token=25bf015b-c447-49dc-8d85-0bee5b03951c,"{""segmentationMaskURL"":""https://us-central1-labelbox-193903.cloudfunctions.net/superpixel-label-export/cjp1xbfjbzmg00d40hcqcskvt%2Fcjp2rw6cf554c02s6o3saeu41.lbx?alt=media&token=9b0b757d-5ea8-4aff-a51e-8e0697e0bdac&format=png&visible=true"",""segmentationMasksByName"":{""Background"":""https://us-central1-labelbox-193903.cloudfunctions.net/superpixel-label-export/cjp1xbfjbzmg00d40hcqcskvt%2Fcjp2rw6cf554c02s6o3saeu41.lbx?alt=media&token=9b0b757d-5ea8-4aff-a51e-8e0697e0bdac&format=png&visible=true&color=[255,255,255,255]"",""Meat"":""https://us-central1-labelbox-193903.cloudfunctions.net/superpixel-label-export/cjp1xbfjbzmg00d40hcqcskvt%2Fcjp2rw6cf554c02s6o3saeu41.lbx?alt=media&token=9b0b757d-5ea8-4aff-a51e-8e0697e0bdac&format=png&visible=true&color=[0,0,128,255]"",""Raw"":""https://us-central1-labelbox-193903.cloudfunctions.net/superpixel-label-export/cjp1xbfjbzmg00d40hcqcskvt%2Fcjp2rw6cf554c02s6o3saeu41.lbx?alt=media&token=9b0b757d-5ea8-4aff-a51e-8e0697e0bdac&format=png&visible=true&color=[0,128,0,255]""}}",Durden4th@gmail.com,meat,1.54351E+12,302.869,nonideal_frame8100.png,,non_ideal,[],https://image-segmentation-v4.labelbox.com?project=cjp1xbfjbzmg00d40hcqcskvt&label=cjp2wmb6d0jla08486c9a6xio,
cjp2wnioy0k4y0848rdpgao00,https://firebasestorage.googleapis.com/v0/b/labelbox-193903.appspot.com/o/cjp1xb42fzm320d40ilqhfhi8%2F74591b9d-f687-46a0-8b06-86a8cfebf907%2Fnonideal_frame900.png?alt=media&token=ebf2880d-eee9-4e22-be04-22b591cb036c,"{""segmentationMaskURL"":""https://us-central1-labelbox-193903.cloudfunctions.net/superpixel-label-export/cjp1xbfjbzmg00d40hcqcskvt%2Fcjp2rw6ce553g02s68iftrv20.lbx?alt=media&token=5a3c8734-3afd-471a-be6a-aa69abc06c7e&format=png&visible=true"",""segmentationMasksByName"":{""Background"":""https://us-central1-labelbox-193903.cloudfunctions.net/superpixel-label-export/cjp1xbfjbzmg00d40hcqcskvt%2Fcjp2rw6ce553g02s68iftrv20.lbx?alt=media&token=5a3c8734-3afd-471a-be6a-aa69abc06c7e&format=png&visible=true&color=[255,255,255,255]"",""Meat"":""https://us-central1-labelbox-193903.cloudfunctions.net/superpixel-label-export/cjp1xbfjbzmg00d40hcqcskvt%2Fcjp2rw6ce553g02s68iftrv20.lbx?alt=media&token=5a3c8734-3afd-471a-be6a-aa69abc06c7e&format=png&visible=true&color=[0,0,128,255]"",""Raw"":""https://us-central1-labelbox-193903.cloudfunctions.net/superpixel-label-export/cjp1xbfjbzmg00d40hcqcskvt%2Fcjp2rw6ce553g02s68iftrv20.lbx?alt=media&token=5a3c8734-3afd-471a-be6a-aa69abc06c7e&format=png&visible=true&color=[0,128,0,255]""}}",Durden4th@gmail.com,meat,1.54351E+12,56.462,nonideal_frame900.png,,non_ideal,[],https://image-segmentation-v4.labelbox.com?project=cjp1xbfjbzmg00d40hcqcskvt&label=cjp2wnioy0k4y0848rdpgao00,
cjp2wr9300leq0848jouroqod,https://firebasestorage.googleapis.com/v0/b/labelbox-193903.appspot.com/o/cjp1xb42fzm320d40ilqhfhi8%2F74591b9d-f687-46a0-8b06-86a8cfebf907%2Fnonideal_frame6300.png?alt=media&token=06665fb5-d5a6-43f2-890f-187d427d3d1b,"{""segmentationMaskURL"":""https://us-central1-labelbox-193903.cloudfunctions.net/superpixel-label-export/cjp1xbfjbzmg00d40hcqcskvt%2Fcjp2rw6cf554402s6wknalcay.lbx?alt=media&token=6fd7003f-f3a1-4fca-bd00-5307c492c61e&format=png&visible=true"",""segmentationMasksByName"":{""Background"":""https://us-central1-labelbox-193903.cloudfunctions.net/superpixel-label-export/cjp1xbfjbzmg00d40hcqcskvt%2Fcjp2rw6cf554402s6wknalcay.lbx?alt=media&token=6fd7003f-f3a1-4fca-bd00-5307c492c61e&format=png&visible=true&color=[255,255,255,255]"",""Meat"":""https://us-central1-labelbox-193903.cloudfunctions.net/superpixel-label-export/cjp1xbfjbzmg00d40hcqcskvt%2Fcjp2rw6cf554402s6wknalcay.lbx?alt=media&token=6fd7003f-f3a1-4fca-bd00-5307c492c61e&format=png&visible=true&color=[0,0,128,255]"",""Raw"":""https://us-central1-labelbox-193903.cloudfunctions.net/superpixel-label-export/cjp1xbfjbzmg00d40hcqcskvt%2Fcjp2rw6cf554402s6wknalcay.lbx?alt=media&token=6fd7003f-f3a1-4fca-bd00-5307c492c61e&format=png&visible=true&color=[0,128,0,255]""}}",Durden4th@gmail.com,meat,1.54351E+12,174.092,nonideal_frame6300.png,,non_ideal,[],https://image-segmentation-v4.labelbox.com?project=cjp1xbfjbzmg00d40hcqcskvt&label=cjp2wr9300leq0848jouroqod,
cjp2wt6940mul098009z7og3w,https://firebasestorage.googleapis.com/v0/b/labelbox-193903.appspot.com/o/cjp1xb42fzm320d40ilqhfhi8%2F74591b9d-f687-46a0-8b06-86a8cfebf907%2Fnonideal_frame5400.png?alt=media&token=d8f677b7-742e-4edb-8313-a23755ed22f3,"{""segmentationMaskURL"":""https://us-central1-labelbox-193903.cloudfunctions.net/superpixel-label-export/cjp1xbfjbzmg00d40hcqcskvt%2Fcjp2rw6cf554002s6z1m85ln7.lbx?alt=media&token=1e4c8a10-706d-48df-af22-18ebc29f37a5&format=png&visible=true"",""segmentationMasksByName"":{""Background"":""https://us-central1-labelbox-193903.cloudfunctions.net/superpixel-label-export/cjp1xbfjbzmg00d40hcqcskvt%2Fcjp2rw6cf554002s6z1m85ln7.lbx?alt=media&token=1e4c8a10-706d-48df-af22-18ebc29f37a5&format=png&visible=true&color=[255,255,255,255]"",""Meat"":""https://us-central1-labelbox-193903.cloudfunctions.net/superpixel-label-export/cjp1xbfjbzmg00d40hcqcskvt%2Fcjp2rw6cf554002s6z1m85ln7.lbx?alt=media&token=1e4c8a10-706d-48df-af22-18ebc29f37a5&format=png&visible=true&color=[0,0,128,255]"",""Raw"":""https://us-central1-labelbox-193903.cloudfunctions.net/superpixel-label-export/cjp1xbfjbzmg00d40hcqcskvt%2Fcjp2rw6cf554002s6z1m85ln7.lbx?alt=media&token=1e4c8a10-706d-48df-af22-18ebc29f37a5&format=png&visible=true&color=[0,128,0,255]""}}",Durden4th@gmail.com,meat,1.54351E+12,89.562,nonideal_frame5400.png,,non_ideal,[],https://image-segmentation-v4.labelbox.com?project=cjp1xbfjbzmg00d40hcqcskvt&label=cjp2wt6940mul098009z7og3w,
cjp2wvfay0ng20848um2ev5cv,https://firebasestorage.googleapis.com/v0/b/labelbox-193903.appspot.com/o/cjp1xb42fzm320d40ilqhfhi8%2F74591b9d-f687-46a0-8b06-86a8cfebf907%2Fnonideal_frame4500.png?alt=media&token=9e713b4a-e310-4284-9bc2-60c7c568e295,"{""segmentationMaskURL"":""https://us-central1-labelbox-193903.cloudfunctions.net/superpixel-label-export/cjp1xbfjbzmg00d40hcqcskvt%2Fcjp2rw6cf553w02s6cle7yk9f.lbx?alt=media&token=427ddc8d-aae7-4985-80cc-3d532764d712&format=png&visible=true"",""segmentationMasksByName"":{""Background"":""https://us-central1-labelbox-193903.cloudfunctions.net/superpixel-label-export/cjp1xbfjbzmg00d40hcqcskvt%2Fcjp2rw6cf553w02s6cle7yk9f.lbx?alt=media&token=427ddc8d-aae7-4985-80cc-3d532764d712&format=png&visible=true&color=[255,255,255,255]"",""Meat"":""https://us-central1-labelbox-193903.cloudfunctions.net/superpixel-label-export/cjp1xbfjbzmg00d40hcqcskvt%2Fcjp2rw6cf553w02s6cle7yk9f.lbx?alt=media&token=427ddc8d-aae7-4985-80cc-3d532764d712&format=png&visible=true&color=[0,0,128,255]"",""Raw"":""https://us-central1-labelbox-193903.cloudfunctions.net/superpixel-label-export/cjp1xbfjbzmg00d40hcqcskvt%2Fcjp2rw6cf553w02s6cle7yk9f.lbx?alt=media&token=427ddc8d-aae7-4985-80cc-3d532764d712&format=png&visible=true&color=[0,128,0,255]""}}",Durden4th@gmail.com,meat,1.54351E+12,104.839,nonideal_frame4500.png,,non_ideal,[],https://image-segmentation-v4.labelbox.com?project=cjp1xbfjbzmg00d40hcqcskvt&label=cjp2wvfay0ng20848um2ev5cv,
cjp2wxio40qbu098090ajwpo8,https://firebasestorage.googleapis.com/v0/b/labelbox-193903.appspot.com/o/cjp1xb42fzm320d40ilqhfhi8%2F74591b9d-f687-46a0-8b06-86a8cfebf907%2Fnonideal_frame3600.png?alt=media&token=0133f851-73b3-474d-a92c-b961b5456ef4,"{""segmentationMaskURL"":""https://us-central1-labelbox-193903.cloudfunctions.net/superpixel-label-export/cjp1xbfjbzmg00d40hcqcskvt%2Fcjp2rw6ce553s02s6qyu58p3e.lbx?alt=media&token=0a278431-3367-4056-a0c8-5ba69a74e4ee&format=png&visible=true"",""segmentationMasksByName"":{""Background"":""https://us-central1-labelbox-193903.cloudfunctions.net/superpixel-label-export/cjp1xbfjbzmg00d40hcqcskvt%2Fcjp2rw6ce553s02s6qyu58p3e.lbx?alt=media&token=0a278431-3367-4056-a0c8-5ba69a74e4ee&format=png&visible=true&color=[255,255,255,255]"",""Meat"":""https://us-central1-labelbox-193903.cloudfunctions.net/superpixel-label-export/cjp1xbfjbzmg00d40hcqcskvt%2Fcjp2rw6ce553s02s6qyu58p3e.lbx?alt=media&token=0a278431-3367-4056-a0c8-5ba69a74e4ee&format=png&visible=true&color=[0,0,128,255]"",""Raw"":""https://us-central1-labelbox-193903.cloudfunctions.net/superpixel-label-export/cjp1xbfjbzmg00d40hcqcskvt%2Fcjp2rw6ce553s02s6qyu58p3e.lbx?alt=media&token=0a278431-3367-4056-a0c8-5ba69a74e4ee&format=png&visible=true&color=[0,128,0,255]""}}",Durden4th@gmail.com,meat,1.54351E+12,97.518,nonideal_frame3600.png,,non_ideal,[],https://image-segmentation-v4.labelbox.com?project=cjp1xbfjbzmg00d40hcqcskvt&label=cjp2wxio40qbu098090ajwpo8,
cjp2wzkqv0eoy08274uix82vu,https://firebasestorage.googleapis.com/v0/b/labelbox-193903.appspot.com/o/cjp1xb42fzm320d40ilqhfhi8%2F74591b9d-f687-46a0-8b06-86a8cfebf907%2Fnonideal_frame2700.png?alt=media&token=e68869b4-1b54-432b-8f20-9fd942848b2d,"{""segmentationMaskURL"":""https://us-central1-labelbox-193903.cloudfunctions.net/superpixel-label-export/cjp1xbfjbzmg00d40hcqcskvt%2Fcjp2rw6ce553o02s6aljf3d9m.lbx?alt=media&token=dd8f908f-2fa1-4e9e-bab5-0e9c0c68f9d0&format=png&visible=true"",""segmentationMasksByName"":{""Background"":""https://us-central1-labelbox-193903.cloudfunctions.net/superpixel-label-export/cjp1xbfjbzmg00d40hcqcskvt%2Fcjp2rw6ce553o02s6aljf3d9m.lbx?alt=media&token=dd8f908f-2fa1-4e9e-bab5-0e9c0c68f9d0&format=png&visible=true&color=[255,255,255,255]"",""Meat"":""https://us-central1-labelbox-193903.cloudfunctions.net/superpixel-label-export/cjp1xbfjbzmg00d40hcqcskvt%2Fcjp2rw6ce553o02s6aljf3d9m.lbx?alt=media&token=dd8f908f-2fa1-4e9e-bab5-0e9c0c68f9d0&format=png&visible=true&color=[0,0,128,255]"",""Raw"":""https://us-central1-labelbox-193903.cloudfunctions.net/superpixel-label-export/cjp1xbfjbzmg00d40hcqcskvt%2Fcjp2rw6ce553o02s6aljf3d9m.lbx?alt=media&token=dd8f908f-2fa1-4e9e-bab5-0e9c0c68f9d0&format=png&visible=true&color=[0,128,0,255]""}}",Durden4th@gmail.com,meat,1.54352E+12,95.89,nonideal_frame2700.png,,non_ideal,[],https://image-segmentation-v4.labelbox.com?project=cjp1xbfjbzmg00d40hcqcskvt&label=cjp2wzkqv0eoy08274uix82vu,
cjp2x2nih0sdv0848gq91k46r,https://firebasestorage.googleapis.com/v0/b/labelbox-193903.appspot.com/o/cjp1xb42fzm320d40ilqhfhi8%2F74591b9d-f687-46a0-8b06-86a8cfebf907%2Fnonideal_frame1800.png?alt=media&token=4484c7fe-a996-46f3-a3bd-7c52260cd3a5,"{""segmentationMaskURL"":""https://us-central1-labelbox-193903.cloudfunctions.net/superpixel-label-export/cjp1xbfjbzmg00d40hcqcskvt%2Fcjp2rw6ce553k02s6byk0v935.lbx?alt=media&token=64bb6891-36f9-46c8-a841-be9c4b3685b7&format=png&visible=true"",""segmentationMasksByName"":{""Background"":""https://us-central1-labelbox-193903.cloudfunctions.net/superpixel-label-export/cjp1xbfjbzmg00d40hcqcskvt%2Fcjp2rw6ce553k02s6byk0v935.lbx?alt=media&token=64bb6891-36f9-46c8-a841-be9c4b3685b7&format=png&visible=true&color=[255,255,255,255]"",""Meat"":""https://us-central1-labelbox-193903.cloudfunctions.net/superpixel-label-export/cjp1xbfjbzmg00d40hcqcskvt%2Fcjp2rw6ce553k02s6byk0v935.lbx?alt=media&token=64bb6891-36f9-46c8-a841-be9c4b3685b7&format=png&visible=true&color=[0,0,128,255]"",""Raw"":""https://us-central1-labelbox-193903.cloudfunctions.net/superpixel-label-export/cjp1xbfjbzmg00d40hcqcskvt%2Fcjp2rw6ce553k02s6byk0v935.lbx?alt=media&token=64bb6891-36f9-46c8-a841-be9c4b3685b7&format=png&visible=true&color=[0,128,0,255]""}}",Durden4th@gmail.com,meat,1.54352E+12,143.52,nonideal_frame1800.png,,non_ideal,[],https://image-segmentation-v4.labelbox.com?project=cjp1xbfjbzmg00d40hcqcskvt&label=cjp2x2nih0sdv0848gq91k46r,
cjp2x53ow0ul00980uelula1d,https://firebasestorage.googleapis.com/v0/b/labelbox-193903.appspot.com/o/cjp1xb42fzm320d40ilqhfhi8%2F74591b9d-f687-46a0-8b06-86a8cfebf907%2Fnonideal_frame0.png?alt=media&token=de59e7e8-c2c5-4238-b900-dfcdf037585b,"{""segmentationMaskURL"":""https://us-central1-labelbox-193903.cloudfunctions.net/superpixel-label-export/cjp1xbfjbzmg00d40hcqcskvt%2Fcjp2rw6ce553c02s60iyq72v1.lbx?alt=media&token=55dec287-d061-4eb2-9fed-4838a504fe0b&format=png&visible=true"",""segmentationMasksByName"":{""Background"":""https://us-central1-labelbox-193903.cloudfunctions.net/superpixel-label-export/cjp1xbfjbzmg00d40hcqcskvt%2Fcjp2rw6ce553c02s60iyq72v1.lbx?alt=media&token=55dec287-d061-4eb2-9fed-4838a504fe0b&format=png&visible=true&color=[255,255,255,255]"",""Meat"":""https://us-central1-labelbox-193903.cloudfunctions.net/superpixel-label-export/cjp1xbfjbzmg00d40hcqcskvt%2Fcjp2rw6ce553c02s60iyq72v1.lbx?alt=media&token=55dec287-d061-4eb2-9fed-4838a504fe0b&format=png&visible=true&color=[0,0,128,255]"",""Raw"":""https://us-central1-labelbox-193903.cloudfunctions.net/superpixel-label-export/cjp1xbfjbzmg00d40hcqcskvt%2Fcjp2rw6ce553c02s60iyq72v1.lbx?alt=media&token=55dec287-d061-4eb2-9fed-4838a504fe0b&format=png&visible=true&color=[0,128,0,255]""}}",Durden4th@gmail.com,meat,1.54352E+12,114.161,nonideal_frame0.png,,non_ideal,[],https://image-segmentation-v4.labelbox.com?project=cjp1xbfjbzmg00d40hcqcskvt&label=cjp2x53ow0ul00980uelula1d,
cjp2xaykw0iyu082752sqdeqp,https://firebasestorage.googleapis.com/v0/b/labelbox-193903.appspot.com/o/cjp1xb42fzm320d40ilqhfhi8%2F74591b9d-f687-46a0-8b06-86a8cfebf907%2Fnonideal_frame7200.png?alt=media&token=45310718-511a-4fee-a348-6d84239b9889,"{""segmentationMaskURL"":""https://us-central1-labelbox-193903.cloudfunctions.net/superpixel-label-export/cjp1xbfjbzmg00d40hcqcskvt%2Fcjp2rw6cf554802s6rc00m7ez.lbx?alt=media&token=f7a05903-3032-4bde-b953-afce511e018b&format=png&visible=true"",""segmentationMasksByName"":{""Background"":""https://us-central1-labelbox-193903.cloudfunctions.net/superpixel-label-export/cjp1xbfjbzmg00d40hcqcskvt%2Fcjp2rw6cf554802s6rc00m7ez.lbx?alt=media&token=f7a05903-3032-4bde-b953-afce511e018b&format=png&visible=true&color=[255,255,255,255]"",""Meat"":""https://us-central1-labelbox-193903.cloudfunctions.net/superpixel-label-export/cjp1xbfjbzmg00d40hcqcskvt%2Fcjp2rw6cf554802s6rc00m7ez.lbx?alt=media&token=f7a05903-3032-4bde-b953-afce511e018b&format=png&visible=true&color=[0,0,128,255]"",""Raw"":""https://us-central1-labelbox-193903.cloudfunctions.net/superpixel-label-export/cjp1xbfjbzmg00d40hcqcskvt%2Fcjp2rw6cf554802s6rc00m7ez.lbx?alt=media&token=f7a05903-3032-4bde-b953-afce511e018b&format=png&visible=true&color=[0,128,0,255]""}}",Durden4th@gmail.com,meat,1.54352E+12,272.021,nonideal_frame7200.png,,non_ideal,[],https://image-segmentation-v4.labelbox.com?project=cjp1xbfjbzmg00d40hcqcskvt&label=cjp2xaykw0iyu082752sqdeqp,
